date,url
2022-11-01,https://play.limitlesstcg.com/tournament/ln68/
2022-11-01,https://play.limitlesstcg.com/tournament/ln67/
2022-10-18,https://play.limitlesstcg.com/tournament/ln66/
2022-10-18,https://play.limitlesstcg.com/tournament/ln65/
2022-10-11,https://play.limitlesstcg.com/tournament/ln64/
2022-10-11,https://play.limitlesstcg.com/tournament/ln63/
2022-10-04,https://play.limitlesstcg.com/tournament/ln62/
2022-10-04,https://play.limitlesstcg.com/tournament/ln61/
2022-09-27,https://play.limitlesstcg.com/tournament/ln60/
2022-09-27,https://play.limitlesstcg.com/tournament/ln59/
2022-09-20,https://play.limitlesstcg.com/tournament/ln58/
2022-09-20,https://play.limitlesstcg.com/tournament/ln57/
2022-09-13,https://play.limitlesstcg.com/tournament/ln56/
2022-09-13,https://play.limitlesstcg.com/tournament/ln55/
,
,
,
,
2022-09-07,https://play.limitlesstcg.com/tournament/ln53/
2022-09-06,https://play.limitlesstcg.com/tournament/ln54/
2022-08-30,https://play.limitlesstcg.com/tournament/ln52/
2022-08-30,https://play.limitlesstcg.com/tournament/ln51/
2022-08-09,https://play.limitlesstcg.com/tournament/ln50/
2022-08-02,https://play.limitlesstcg.com/tournament/ln49/
2022-07-26,https://play.limitlesstcg.com/tournament/ln48/
2022-07-19,https://play.limitlesstcg.com/tournament/ln47/
2022-07-12,https://play.limitlesstcg.com/tournament/ln46/
2022-07-05,https://play.limitlesstcg.com/tournament/ln45/
2022-06-28,https://play.limitlesstcg.com/tournament/ln44/
2022-06-21,https://play.limitlesstcg.com/tournament/ln43/
2022-06-14,https://play.limitlesstcg.com/tournament/ln42/
2022-06-07,https://play.limitlesstcg.com/tournament/ln41/
2022-05-24,https://play.limitlesstcg.com/tournament/latenight40/
2022-05-17,https://play.limitlesstcg.com/tournament/latenight39/
2022-05-10,https://play.limitlesstcg.com/tournament/latenight38/
2022-05-02,https://play.limitlesstcg.com/tournament/latenight37/
2022-04-25,https://play.limitlesstcg.com/tournament/latenight36/
2022-04-18,https://play.limitlesstcg.com/tournament/latenight35/
2022-04-11,https://play.limitlesstcg.com/tournament/latenight34/
2022-04-04,https://play.limitlesstcg.com/tournament/latenight33/
2022-03-28,https://play.limitlesstcg.com/tournament/latenight32/
2022-03-21,https://play.limitlesstcg.com/tournament/latenight31/
2022-03-07,https://play.limitlesstcg.com/tournament/61c4705854b82a0ab761b7d3/
2022-02-28,https://play.limitlesstcg.com/tournament/61c46f3954b82a0ab761b7d2/
