date,name,url
2022-12-06,Late Night SZN 6 Special #19,https://play.limitlesstcg.com/tournament/ln6sp19/
2022-11-29,Late Night SZN 6 Special #18,https://play.limitlesstcg.com/tournament/ln6sp18/
2022-11-22,Late Night SZN 6 Special #17,https://play.limitlesstcg.com/tournament/ln6sp17/
2022-11-15,Late Night #70 | $400 and 200 Codes,https://play.limitlesstcg.com/tournament/ln70/
2022-11-15,Late Night #69 | $400 and 200 Codes,https://play.limitlesstcg.com/tournament/ln69/
2022-11-14,Late Night SZN 6 Special #16 Silver Tempest Legal,https://play.limitlesstcg.com/tournament/lnspecial16/
2022-11-11,Late Night SZN 6 Special #15 Silver Tempest Legal,https://play.limitlesstcg.com/tournament/lnspecial15/
2022-11-08,Late Night SZN 6 Special #14,https://play.limitlesstcg.com/tournament/ln6special14/
2022-11-01,Late Night #68 | $400 and 200 Codes,https://play.limitlesstcg.com/tournament/ln68/
2022-11-01,Late Night #67 | $400 and 200 Codes,https://play.limitlesstcg.com/tournament/ln67/
2022-10-25,Late Night SZN 6 Special #13,https://play.limitlesstcg.com/tournament/ln6special13/
2022-10-24,Late Night SZN 6 Special #12,https://play.limitlesstcg.com/tournament/ln6special12/
2022-10-18,Late Night #66 | $400 and 200 Codes,https://play.limitlesstcg.com/tournament/ln66/
2022-10-18,Late Night #65 | $400 and 200 Codes,https://play.limitlesstcg.com/tournament/ln65/
2022-10-11,Late Night #64 | $400 and 200 Codes,https://play.limitlesstcg.com/tournament/ln64/
2022-10-11,Late Night #63 | $400 and 200 Codes,https://play.limitlesstcg.com/tournament/ln63/
2022-10-09,Late Night SZN 6 Special #11,https://play.limitlesstcg.com/tournament/lnspecial11/
2022-10-04,Late Night #62 | $400 and 200 Codes,https://play.limitlesstcg.com/tournament/ln62/
2022-10-04,Late Night #61| $400 and 200 Codes,https://play.limitlesstcg.com/tournament/ln61/
2022-09-27,Late Night #60 | $400 and 200 Codes,https://play.limitlesstcg.com/tournament/ln60/
2022-09-27,Late Night #59 | $400 and 200 Codes,https://play.limitlesstcg.com/tournament/ln59/
2022-09-21,Late Night SZN 6 Special #10,https://play.limitlesstcg.com/tournament/lnszn6special10/
2022-09-20,Late Night #58 | $400 and 200 Codes,https://play.limitlesstcg.com/tournament/ln58/
2022-09-20,Late Night #57 | $400 and 200 Codes,https://play.limitlesstcg.com/tournament/ln57/
2022-09-19,Late Night SZN 6 Special #9,https://play.limitlesstcg.com/tournament/lnszn6special9/
2022-09-13,Late Night #56 | Lost Origin Legal,https://play.limitlesstcg.com/tournament/ln56/
2022-09-13,Late Night #55 | Lost Origin Legal,https://play.limitlesstcg.com/tournament/ln55/
2022-09-11,Late Night SZN 6 Special #8,https://play.limitlesstcg.com/tournament/special8/
2022-09-11,Late Night Double Elimination Special,https://play.limitlesstcg.com/tournament/dblelim/
2022-09-09,Late Night Special Lost Origin Release Party,https://play.limitlesstcg.com/tournament/lor/
2022-09-07,Late Night #53 | EU Time,https://play.limitlesstcg.com/tournament/ln53/
2022-09-06,Late Night #54 | NA Time,https://play.limitlesstcg.com/tournament/ln54/
2022-08-30,Late Night #52 | NA Time,https://play.limitlesstcg.com/tournament/ln52/
2022-08-30,Late Night #51| EU Time,https://play.limitlesstcg.com/tournament/ln51/
2022-08-23,Late Night SZN 6 Special #5 | 200 PGO,https://play.limitlesstcg.com/tournament/szn6special2/
2022-08-16,Late Night SZN 6 Special #4 | 200 PGO,https://play.limitlesstcg.com/tournament/szn6special1/
2022-08-13,Late Night SZN 6 Special #3,https://play.limitlesstcg.com/tournament/special3/
2022-08-10,Late Night SZN 6 Special #2,https://play.limitlesstcg.com/tournament/special2/
2022-08-09,Late Night #50 | 200 Codes,https://play.limitlesstcg.com/tournament/ln50/
2022-08-08,Late Night SZN 6 Special #1,https://play.limitlesstcg.com/tournament/special1/
2022-08-05,Late Night S5 Special #15,https://play.limitlesstcg.com/tournament/lns5sp15/
2022-08-02,Late Night S5 Special #14,https://play.limitlesstcg.com/tournament/lns5sp14/
2022-08-02,Late Night #49 | 200 Codes,https://play.limitlesstcg.com/tournament/ln49/
2022-07-26,Late Night #48 | 200 Codes,https://play.limitlesstcg.com/tournament/ln48/
2022-07-25,Late Night S5 Special #13,https://play.limitlesstcg.com/tournament/lns5sp13/
2022-07-21,Late Night S5 Special #12,https://play.limitlesstcg.com/tournament/lns5s12/
2022-07-19,Late Night #47 | 200 Codes,https://play.limitlesstcg.com/tournament/ln47/
2022-07-14,Late Night S5 Special #11,https://play.limitlesstcg.com/tournament/lns5s11/
2022-07-12,Late Night S5 Special #10,https://play.limitlesstcg.com/tournament/lns5s10/
2022-07-12,Late Night #46 | 200 Code,https://play.limitlesstcg.com/tournament/ln46/
2022-07-05,Late Night #45 | 200 Codes | POGO is Legal,https://play.limitlesstcg.com/tournament/ln45/
2022-06-28,Late Night #44 | 200 Codes,https://play.limitlesstcg.com/tournament/ln44/
2022-06-21,Late Night #43 | 200 Codes,https://play.limitlesstcg.com/tournament/ln43/
2022-06-15,Late Night S5 Special #9,https://play.limitlesstcg.com/tournament/lns5sp9/
2022-06-14,Late Night S5 Special #8,https://play.limitlesstcg.com/tournament/lns5sp8/
2022-06-14,Late Night #42 | 200 Codes,https://play.limitlesstcg.com/tournament/ln42/
2022-06-14,Late Night S5 Special #7 | Its Day Time?,https://play.limitlesstcg.com/tournament/lns5sp7/
2022-06-13,Late Night S5 Special #6,https://play.limitlesstcg.com/tournament/lns5sp6/
2022-06-13,Late Night S5 Special #5,https://play.limitlesstcg.com/tournament/lns5sp5/
2022-06-12,Late Night S5 Special #4,https://play.limitlesstcg.com/tournament/s5sp4/
2022-06-10,Late Night S5 Special #3,https://play.limitlesstcg.com/tournament/lns5s3/
2022-06-09,Late Night S5 Special #2 | Last Minute Event,https://play.limitlesstcg.com/tournament/lnsps52/
2022-06-07,Late Night #41 | 200 Codes,https://play.limitlesstcg.com/tournament/ln41/
2022-06-03,Late Night S5 Special #1 | 75+ Codes,https://play.limitlesstcg.com/tournament/s5special1/
2022-05-31,Late Night Special | 400+ Codes,https://play.limitlesstcg.com/tournament/lnspecial/
2022-05-24,Late Night #40 | $250 Atlas SC + 400 codes,https://play.limitlesstcg.com/tournament/latenight40/
2022-05-17,Late Night #39 | $200 + $250 Atlas SC,https://play.limitlesstcg.com/tournament/latenight39/
2022-05-10,Late Night #38 | $250 Atlas SC + 440 Codes,https://play.limitlesstcg.com/tournament/latenight38/
2022-05-07,Late Night Special | 20 Assorted Codes,https://play.limitlesstcg.com/tournament/latenightspecial1/
2022-05-02,Late Night #37 | $200 + $250 Atlas SC,https://play.limitlesstcg.com/tournament/latenight37/
2022-04-25,Late Night #36 | $250 Atlas SC + 200 BRS,https://play.limitlesstcg.com/tournament/latenight36/
2022-04-18,Late Night #35 | $200 & 200 Codes,https://play.limitlesstcg.com/tournament/latenight35/
2022-04-11,Late Night #34 | $250 & 200 BRS,https://play.limitlesstcg.com/tournament/latenight34/
2022-04-04,Late Night #33 | $250 & 200 Codes,https://play.limitlesstcg.com/tournament/latenight33/
2022-03-28,Late Night #32 | $250 & 200 Codes,https://play.limitlesstcg.com/tournament/latenight32/
2022-03-21,Late Night #31 | $250 & 200 Codes,https://play.limitlesstcg.com/tournament/latenight31/
2022-03-07,Late Night #30 | $250 & 200 BRS,https://play.limitlesstcg.com/tournament/61c4705854b82a0ab761b7d3/
2022-02-28,Late Night #29 | Brilliant Stars Legal,https://play.limitlesstcg.com/tournament/61c46f3954b82a0ab761b7d2/
2022-02-21,Late Night #28 | $250 & 200 FST,https://play.limitlesstcg.com/tournament/61c46e4154b82a0ab761b7d0/
2022-02-14,Late Night #27 | $250 & 200 FST,https://play.limitlesstcg.com/tournament/61c46cab54b82a0ab761b7cd/
2022-02-07,Late Late Night #15 - Genesect V Prizing,https://play.limitlesstcg.com/tournament/6201bb00f4cd555760a711a7/
2022-02-07,Late Night #26 | $250 & 200 FST,https://play.limitlesstcg.com/tournament/61c4682554b82a0ab761b7c6/
2022-01-31,Late Night #25 | $250 & 300 EVS,https://play.limitlesstcg.com/tournament/61c4669c54b82a0ab761b7c4/
2022-01-24,Late Night #24 | $250 & 300 EVS,https://play.limitlesstcg.com/tournament/61c464ef54b82a0ab761b7c3/
2022-01-21,Late Late Night #14| Mew V + Genesect  V Prizing,https://play.limitlesstcg.com/tournament/61e7a5d5cd51fd164b3dce19/
2022-01-17,Late Night #23 | $250 & 300 EVS,https://play.limitlesstcg.com/tournament/61c4634d54b82a0ab761b7bf/
2022-01-14,Late Late Night #13 - 140 Packs,https://play.limitlesstcg.com/tournament/61d664ca54b82a0ab76215b6/
2022-01-10,Late Late Night #12 - Alt Art Jolteon VMAX,https://play.limitlesstcg.com/tournament/61dcecf7f53de465274e4e25/
2022-01-10,Late Night #22 | $250 & 300 EVS,https://play.limitlesstcg.com/tournament/61c4613654b82a0ab761b7bc/
2022-01-07,Late Late Night #11 - 80+ FST,https://play.limitlesstcg.com/tournament/61d6566a54b82a0ab762153b/
2022-01-03,Late Night #21 | $250 & 300 EVS,https://play.limitlesstcg.com/tournament/61c2984a9265f87e5e694b2c/
2021-12-27,Late Late Night #10 - 200+ FST,https://play.limitlesstcg.com/tournament/61c64fd254b82a0ab761be5a/
2021-12-20,Late Night #20 | $200 & 100 FST,https://play.limitlesstcg.com/tournament/6169c235a36b860ab21e0ea0/
2021-12-13,Late Night #19 | $200 & 100 FST,https://play.limitlesstcg.com/tournament/6169c167a36b860ab21e0e9d/
2021-12-06,Late Night #18 | $200 & 100 FST,https://play.limitlesstcg.com/tournament/6169ac16a36b860ab21e0e7d/
2021-11-29,Late Night #17 | $200 & 100 FST,https://play.limitlesstcg.com/tournament/6169ab37a36b860ab21e0e7a/
2021-11-22,Late Night #16 | $200 & 100 FST,https://play.limitlesstcg.com/tournament/6169a51ea36b860ab21e0e70/
2021-11-15,Late Night #15 FST Legal | $200 & 100 FST,https://play.limitlesstcg.com/tournament/6169a3b7a36b860ab21e0e6d/
2021-11-08,Late Night #14 | $200 & 100 EVS,https://play.limitlesstcg.com/tournament/6169a098a36b860ab21e0e68/
2021-11-01,Late Night #13 | $200 & 100 EVS,https://play.limitlesstcg.com/tournament/61699e8ca36b860ab21e0e67/
2021-10-25,Late Night #12 | $200 & 100 EVS,https://play.limitlesstcg.com/tournament/61699c73a36b860ab21e0e60/
2021-10-18,Late Night #11 | $200 & 100 EVS,https://play.limitlesstcg.com/tournament/6166fb16a36b860ab21e06ce/
2021-10-11,"Late Night Series #10 ""The LCQ"" | 200$ & 100 EVS",https://play.limitlesstcg.com/tournament/615d09fd325e6a67dfcfaa95/
2021-10-04,Late Night Series #9 | 200$ & 100 EVS,https://play.limitlesstcg.com/tournament/6153519def1db6273502a2e4/
2021-09-27,Late Night Series #8 | FREE 100 EVS,https://play.limitlesstcg.com/tournament/614f16e2ef1db62735028b1a/
2021-09-20,Late Night Series #7 | FREE 100 EVS,https://play.limitlesstcg.com/tournament/614388d5e4bc350acecf1449/
2021-09-13,Late Night Series #6 | FREE 100 EVS,https://play.limitlesstcg.com/tournament/613aeca209509c0ae18f5cee/
2021-09-06,Late Night Series #5 |100 EVS & GOLD LEVEL BALLS,https://play.limitlesstcg.com/tournament/6132f9ce1d8cea46cc2057c6/
2021-08-30,Late Night Series #4 | FREE 100 EVS,https://play.limitlesstcg.com/tournament/612690193fb4137b578d184a/
2021-08-23,Late Night Series #3 | FREE 100 CRE,https://play.limitlesstcg.com/tournament/611c9e6162efd977a7b928be/
2021-08-16,Late Night Series #2 | FREE 100 CRE,https://play.limitlesstcg.com/tournament/611327753ec3ac1f06b22753/
2021-08-09,Late Night Series #1 | FREE 200 CRE,https://play.limitlesstcg.com/tournament/610a012dc95f81428b6e08aa/
2022-12-13,Late Night SZN Special #20,https://play.limitlesstcg.com/tournament/ln6sp20/
2023-01-10,Late Night SZN 6 Special #22,https://play.limitlesstcg.com/tournament/ln6sp21/
2023-01-02,Late Night SZN 6 Special #21,https://play.limitlesstcg.com/tournament/lastminute/
2023-01-25,A Mini Late Night Special,https://play.limitlesstcg.com/tournament/mini/
2023-01-24,Late Night Special | Crown Zenith is Legal,https://play.limitlesstcg.com/tournament/ln624/
2023-01-21,Itâ€™s a Late Night Special - Crown Zenith is Here!,https://play.limitlesstcg.com/tournament/latenight/
2023-01-17,Late Night SZN 6 Special #23,https://play.limitlesstcg.com/tournament/ln6sp22/
2023-01-16,Another Late Night Special,https://play.limitlesstcg.com/tournament/tsswin2/
2023-01-15,A Really Late Night Special,https://play.limitlesstcg.com/tournament/63c4b09ff61c172bc031c2b6/
2023-03-28,Late Night #85 | Last EU LN on PTCGO,https://play.limitlesstcg.com/tournament/ln85/
2023-03-21,Late Night #84 on PTCGO | Road to Japan,https://play.limitlesstcg.com/tournament/ln84/
2023-03-21,Late Night #83 on PTCGO | Road to Japan,https://play.limitlesstcg.com/tournament/ln83/
2023-03-14,Late Night #82 on PTCGO | Road to Japan,https://play.limitlesstcg.com/tournament/ln82/
2023-03-14,Late Night #81 on PTCGO | Road to Japan,https://play.limitlesstcg.com/tournament/ln81/
2023-03-07,Late Night #80 on PTCGO | Road to Japan,https://play.limitlesstcg.com/tournament/ln80/
2023-03-07,Late Night #79 on PTCGO | Road to Japan,https://play.limitlesstcg.com/tournament/ln79/
2023-02-28,Late Night #78 | Road to Japan,https://play.limitlesstcg.com/tournament/ln78/
2023-02-28,Late Night #77 | Road to Japan,https://play.limitlesstcg.com/tournament/ln77/
2023-02-21,Late Night #76 | Road to Japan,https://play.limitlesstcg.com/tournament/ln76/
2023-02-21,Late Night #75 | Road to Japan,https://play.limitlesstcg.com/tournament/ln75/
2023-02-14,Late Night #74 | Road to Japan,https://play.limitlesstcg.com/tournament/ln74/
2023-02-14,Late Night #73 | Road to Japan,https://play.limitlesstcg.com/tournament/ln73/
2023-02-07,Late Night #72 on PTCGO,https://play.limitlesstcg.com/tournament/ln72/
2023-02-07,Late Night #71 on PTCGO,https://play.limitlesstcg.com/tournament/ln71/
2023-01-31,Late Night Special on PTCGO,https://play.limitlesstcg.com/tournament/ln625/
